City_ID,City,Country,Lat,Lng,Max Temp,Humidity,Cloudiness,Wind Speed,Current Description
0,avigliana,IT,45.0771,7.3986,58.48,87,99,0.43,overcast clouds
1,kodiak,US,57.79,-152.4072,56.71,41,0,12.66,clear sky
2,petropavlovsk-kamchatskiy,RU,53.0452,158.6483,61.39,45,75,11.18,broken clouds
3,mataura,NZ,-46.1927,168.8643,58.48,94,100,0.74,overcast clouds
4,busselton,AU,-33.65,115.3333,67.73,62,37,5.48,scattered clouds
5,muros,ES,42.7762,-9.0603,54.84,84,92,4.81,overcast clouds
6,butaritari,KI,3.0707,172.7902,82.4,74,15,16.44,few clouds
7,bubaque,GW,11.2833,-15.8333,77.02,71,3,10.87,clear sky
8,hobart,AU,-42.8794,147.3294,60.06,58,40,13.8,scattered clouds
9,cairns,AU,-16.9167,145.7667,79.11,83,100,10.36,light rain
10,acajutla,SV,13.5928,-89.8275,81.97,76,24,0.98,few clouds
11,faanui,PF,-16.4833,-151.75,82.18,73,9,7.23,clear sky
12,mahebourg,MU,-20.4081,57.7,75.25,94,75,2.3,broken clouds
13,khatanga,RU,71.9667,102.5,16.36,90,99,10.96,overcast clouds
14,vaini,TO,-21.2,-175.2,78.96,78,40,9.22,scattered clouds
15,ushuaia,AR,-54.8,-68.3,47.86,43,0,16.11,clear sky
16,bathsheba,BB,13.2167,-59.5167,81.21,78,20,11.5,few clouds
17,cape town,ZA,-33.9258,18.4232,57.9,81,0,12.66,clear sky
18,dobsina,SK,48.8207,20.3699,54.43,92,90,3.94,overcast clouds
19,saldanha,ZA,-33.0117,17.9442,50.05,85,2,13.53,clear sky
20,georgetown,MY,5.4112,100.3354,85.98,75,20,10.36,few clouds
21,dunmore town,BS,25.5,-76.65,80.08,77,90,9.13,overcast clouds
22,port moresby,PG,-9.4431,147.1797,89.02,70,40,11.5,scattered clouds
23,rikitea,PF,-23.1203,-134.9692,77.43,82,10,17.11,light rain
24,lahad datu,MY,5.0268,118.327,87.73,65,99,5.68,overcast clouds
25,guerrero negro,MX,27.9769,-114.0611,60.31,87,4,17.6,clear sky
26,bambous virieux,MU,-20.3428,57.7575,75.22,94,75,2.3,broken clouds
27,new norfolk,AU,-42.7826,147.0587,59.72,52,85,1.99,overcast clouds
28,guangyuan,CN,32.442,105.823,70.75,78,100,1.39,overcast clouds
29,beawar,IN,26.1,74.3167,89.91,26,0,15.7,clear sky
30,parainen,FI,60.3067,22.301,39.15,77,0,14.65,clear sky
31,tautira,PF,-17.7333,-149.15,81.1,74,8,0.09,clear sky
32,albany,US,42.6001,-73.9662,48.67,48,100,1.97,overcast clouds
33,puerto escondido,MX,15.85,-97.0667,81.43,78,20,0.0,few clouds
34,muisne,EC,0.6,-80.0333,77.81,89,100,7.29,light rain
35,sancti spiritus,CU,21.9297,-79.4425,76.14,83,0,4.92,clear sky
36,soledade,BR,-28.8183,-52.5103,48.97,96,5,5.01,clear sky
37,tasiilaq,GL,65.6145,-37.6368,28.56,72,100,5.32,overcast clouds
38,alyangula,AU,-13.8483,136.4192,85.87,58,75,9.22,broken clouds
39,barrow,US,71.2906,-156.7887,24.82,86,100,8.05,overcast clouds
40,nha trang,VN,12.25,109.1833,87.8,66,73,6.69,broken clouds
41,oksfjord,NO,70.2396,22.3479,33.98,88,100,16.53,snow
42,sabha,LY,27.0377,14.4283,68.7,23,0,7.23,clear sky
43,rio cuarto,AR,-33.1307,-64.3499,59.47,66,90,13.85,overcast clouds
44,punta arenas,CL,-53.15,-70.9167,44.71,70,40,20.71,scattered clouds
45,clarence town,AU,-32.5833,151.7833,65.61,44,0,4.97,clear sky
46,puerto ayora,EC,-0.7393,-90.3518,71.51,93,25,7.47,scattered clouds
47,te anau,NZ,-45.4167,167.7167,59.4,88,100,3.53,overcast clouds
48,arraial do cabo,BR,-22.9661,-42.0278,72.09,79,72,8.66,broken clouds
49,bredasdorp,ZA,-34.5322,20.0403,53.62,92,35,1.25,scattered clouds
50,bethel,US,41.3712,-73.414,48.29,47,100,12.66,overcast clouds
51,praia da vitoria,PT,38.7333,-27.0667,57.76,94,40,2.93,scattered clouds
52,ilhabela,BR,-23.7781,-45.3581,69.3,71,98,2.01,overcast clouds
53,worthington,US,40.0931,-83.018,54.93,75,100,5.75,overcast clouds
54,ulcinj,ME,41.9294,19.2244,57.97,90,100,1.03,overcast clouds
55,hermanus,ZA,-34.4187,19.2345,58.48,81,99,4.25,overcast clouds
56,kutoarjo,ID,-7.7169,109.9128,86.56,71,89,4.83,overcast clouds
57,abu dhabi,AE,24.4667,54.3667,84.31,41,0,4.61,clear sky
58,acapulco,MX,16.8634,-99.8901,79.77,72,97,6.85,overcast clouds
59,port-gentil,GA,-0.7193,8.7815,79.66,81,100,4.7,overcast clouds
60,acari,PE,-15.4311,-74.6158,67.75,82,62,2.24,broken clouds
61,port elizabeth,ZA,-33.918,25.5701,58.32,81,0,6.91,clear sky
62,hay river,CA,60.8156,-115.7999,33.78,100,100,14.97,light intensity drizzle
63,provideniya,RU,64.3833,-173.3,32.83,94,100,9.33,overcast clouds
64,sterling,US,39.0062,-77.4286,46.54,97,100,13.8,mist
65,fort-shevchenko,KZ,44.5086,50.263,58.53,85,90,14.45,light rain
66,hanmer springs,NZ,-42.5167,172.8167,63.5,54,100,6.55,overcast clouds
67,ikon-khalk,RU,44.3051,41.9142,40.53,91,98,2.08,overcast clouds
68,tuktoyaktuk,CA,69.4541,-133.0374,35.6,80,20,12.66,few clouds
69,horta,PT,38.5333,-28.6333,59.94,68,85,2.89,overcast clouds
70,chokurdakh,RU,70.6333,147.9167,16.7,87,82,8.63,broken clouds
71,egvekinot,RU,66.3167,-179.1667,25.86,95,100,6.44,overcast clouds
72,asyut,EG,27.181,31.1837,66.38,19,74,5.21,broken clouds
73,caravelas,BR,-17.7125,-39.2481,74.26,86,96,10.47,overcast clouds
74,lompoc,US,34.6391,-120.4579,58.78,74,0,20.71,haze
75,saint-philippe,RE,-21.3585,55.7679,69.39,84,42,12.41,light rain
76,ucluelet,CA,48.9329,-125.5528,48.09,78,87,13.62,overcast clouds
77,lae,PG,-6.7221,146.9847,84.87,65,14,7.61,few clouds
78,constitucion,CL,-35.3333,-72.4167,53.74,78,0,7.85,clear sky
79,tateyama,JP,34.9833,139.8667,59.52,78,100,13.04,overcast clouds
80,codrington,AU,-38.2667,141.9667,56.97,69,82,8.12,broken clouds
81,shenjiamen,CN,29.9576,122.298,63.12,89,100,7.54,overcast clouds
82,husavik,IS,66.0449,-17.3389,38.93,74,100,7.9,overcast clouds
83,yellowknife,CA,62.456,-114.3525,34.32,86,100,27.63,light rain and snow
84,lorengau,PG,-2.0226,147.2712,83.26,82,40,14.0,scattered clouds
85,vila franca do campo,PT,37.7167,-25.4333,66.2,94,82,1.63,broken clouds
86,severnoye,RU,56.3491,78.3619,40.37,37,96,8.5,overcast clouds
87,ponnani,IN,10.767,75.9252,76.32,76,84,6.87,broken clouds
88,nantucket,US,41.2835,-70.0995,47.01,88,100,20.71,moderate rain
89,salamiyah,SY,35.0113,37.0532,53.31,77,3,8.43,clear sky
90,warrnambool,AU,-38.3833,142.4833,61.81,62,67,9.78,broken clouds
91,kapaa,US,22.0752,-159.319,82.38,79,75,18.41,broken clouds
92,thompson,CA,55.7435,-97.8558,60.96,63,100,4.61,overcast clouds
93,bengkulu,ID,-3.8004,102.2655,80.53,72,100,2.33,overcast clouds
94,clyde river,CA,70.4692,-68.5914,17.83,86,40,3.44,scattered clouds
95,severo-kurilsk,RU,50.6789,156.125,50.47,73,98,12.12,overcast clouds
96,itapirapua,BR,-15.8233,-50.6133,72.7,79,71,3.02,broken clouds
97,andradas,BR,-22.0681,-46.5692,59.85,93,6,4.45,clear sky
98,mar del plata,AR,-38.0023,-57.5575,59.95,85,0,12.66,clear sky
99,upernavik,GL,72.7868,-56.1549,4.51,83,21,5.53,few clouds
100,sola,VU,-13.8833,167.55,81.43,73,11,20.71,few clouds
101,atuona,PF,-9.8,-139.0333,78.91,72,38,14.9,scattered clouds
102,vostok,RU,46.4856,135.8833,37.11,88,100,9.93,overcast clouds
103,krasnorechenskiy,RU,44.6265,135.3532,45.12,48,63,15.19,broken clouds
104,port hardy,CA,50.6996,-127.4199,46.4,87,75,8.05,light intensity shower rain
105,kouroussa,GN,10.65,-9.8833,77.97,71,56,5.95,broken clouds
106,hithadhoo,MV,-0.6,73.0833,84.2,76,22,16.06,few clouds
107,jamestown,US,42.097,-79.2353,49.64,46,0,8.05,clear sky
108,nalut,LY,30.3333,10.85,60.31,36,0,5.77,clear sky
109,rodrigues alves,BR,-7.738,-72.6509,74.71,86,88,0.92,overcast clouds
110,nikolskoye,RU,59.7035,30.7861,43.88,92,100,4.97,overcast clouds
111,fairbanks,US,64.8378,-147.7164,48.54,80,75,5.75,haze
112,eyl,SO,7.9803,49.8164,81.61,79,76,9.33,moderate rain
113,hurup,DK,56.7494,8.4195,43.61,3,11,20.62,few clouds
114,moree,AU,-29.4667,149.85,68.02,28,0,12.66,clear sky
115,flinders,AU,-34.5833,150.8552,71.19,48,0,5.01,clear sky
116,katsuura,JP,35.1333,140.3,58.78,73,100,16.82,overcast clouds
117,avarua,CK,-21.2078,-159.775,80.94,76,44,6.29,scattered clouds
118,los llanos de aridane,ES,28.6585,-17.9182,65.12,45,0,11.5,clear sky
119,half moon bay,US,37.4636,-122.4286,58.86,73,0,33.38,haze
120,vanimo,PG,-2.6741,141.3028,86.56,68,33,9.73,scattered clouds
121,antofagasta,CL,-23.65,-70.4,61.88,80,75,3.47,broken clouds
122,ribeira grande,PT,38.5167,-28.7,61.02,66,87,2.89,overcast clouds
123,loanda,AO,-8.8368,13.2343,77.0,94,75,10.36,broken clouds
124,san juan,AR,-31.5375,-68.5364,63.88,39,86,6.69,overcast clouds
125,hirara,JP,24.8,125.2833,80.87,83,75,3.44,broken clouds
126,yamada,JP,39.4667,141.95,59.81,40,94,5.19,overcast clouds
127,sitka,US,57.0531,-135.33,49.89,62,75,18.41,broken clouds
128,bluff,NZ,-46.6,168.3333,58.8,92,100,5.53,overcast clouds
129,buin,CL,-33.7333,-70.75,60.73,69,55,2.08,broken clouds
130,aksu,CN,41.1231,80.2644,76.64,26,1,4.03,clear sky
131,aklavik,CA,68.2191,-135.0107,35.74,81,97,8.46,overcast clouds
132,cidreira,BR,-30.1811,-50.2056,63.19,76,0,10.47,clear sky
133,leeton,AU,-34.5667,146.4,60.85,59,34,8.05,scattered clouds
134,tianmen,CN,30.6516,113.1603,78.75,56,22,8.66,few clouds
135,youghal,IE,51.95,-7.8506,51.1,95,99,3.98,overcast clouds
136,olafsvik,IS,64.8945,-23.7142,42.15,92,100,14.07,moderate rain
137,svetlogorsk,BY,52.6333,29.7333,46.31,96,65,5.12,broken clouds
138,bosaso,SO,11.2842,49.1816,85.39,61,8,6.51,clear sky
139,esperance,AU,-33.8667,121.9,67.84,37,62,14.67,broken clouds
140,shetpe,KZ,44.1667,52.1167,59.9,91,100,7.23,moderate rain
141,alice springs,AU,-23.7,133.8833,63.95,29,0,16.11,clear sky
142,ulaanbaatar,MN,47.9077,106.8832,48.33,49,0,4.47,clear sky
143,medicine hat,CA,50.0501,-110.6683,55.83,44,100,4.61,overcast clouds
144,kloulklubed,PW,7.0419,134.2556,75.7,81,100,13.11,overcast clouds
145,buala,SB,-8.145,159.5921,84.25,74,38,9.69,light rain
146,iqaluit,CA,63.7506,-68.5145,26.33,68,100,4.61,overcast clouds
147,kavieng,PG,-2.5744,150.7967,86.07,65,28,16.37,scattered clouds
148,atar,MR,20.5169,-13.0499,85.46,12,35,7.23,scattered clouds
149,mount isa,AU,-20.7333,139.5,80.37,41,0,10.36,clear sky
150,tiksi,RU,71.6872,128.8694,18.82,77,27,5.39,scattered clouds
151,takoradi,GH,4.8845,-1.7554,79.23,84,43,1.77,light rain
152,westport,US,41.1415,-73.3579,48.74,52,100,20.71,light rain
153,east london,ZA,-33.0153,27.9116,61.43,84,100,10.87,overcast clouds
154,pontianak,ID,-0.0333,109.3333,82.38,78,20,3.44,few clouds
155,tynda,RU,55.1667,124.7167,58.19,24,100,12.95,overcast clouds
156,pahrump,US,36.2083,-115.9839,84.25,19,84,6.02,broken clouds
157,paducah,US,37.0834,-88.6001,58.6,84,0,0.0,clear sky
158,hamina,FI,60.5697,27.1979,36.68,79,33,12.46,scattered clouds
159,seydi,TM,39.4816,62.9137,85.21,28,99,10.56,overcast clouds
160,port alfred,ZA,-33.5906,26.891,57.18,86,99,4.0,overcast clouds
161,xam nua,LA,20.4197,104.0439,74.28,78,98,1.45,overcast clouds
162,havre-saint-pierre,CA,50.2334,-63.5986,35.6,93,0,0.0,clear sky
163,deder,ET,9.3167,41.45,55.26,53,83,3.51,broken clouds
164,sakakah,SA,29.9697,40.2064,60.37,35,2,6.26,clear sky
165,hofn,IS,64.2539,-15.2082,43.92,75,100,8.1,overcast clouds
166,ixtapa,MX,20.7,-105.2,77.23,77,5,5.99,clear sky
167,smithers,CA,54.7804,-127.1743,46.72,49,75,11.5,broken clouds
168,bodden town,KY,19.2833,-81.25,82.4,77,20,6.91,few clouds
169,stephenville,US,32.2207,-98.2023,85.15,62,0,13.0,clear sky
170,dikson,RU,73.5069,80.5464,10.85,95,91,13.35,overcast clouds
171,hobyo,SO,5.3505,48.5268,82.27,76,85,14.94,overcast clouds
172,livingston,GB,55.9029,-3.5226,49.86,92,20,1.14,few clouds
173,kavali,IN,14.9167,79.9833,89.17,60,49,9.91,scattered clouds
174,lagoa vermelha,BR,-28.2086,-51.5258,47.91,93,3,4.05,clear sky
175,mount gambier,AU,-37.8333,140.7667,58.91,72,75,8.05,broken clouds
176,victoria,HK,22.2855,114.1577,85.17,63,89,8.99,overcast clouds
177,galveston,US,29.3669,-94.9669,81.18,88,2,3.0,clear sky
178,saskylakh,RU,71.9167,114.0833,13.84,90,62,14.9,broken clouds
179,la palma,US,33.8464,-118.0467,70.41,78,0,10.36,clear sky
180,shaunavon,CA,49.6501,-108.4181,49.78,70,99,9.17,overcast clouds
181,souillac,MU,-20.5167,57.5167,71.98,94,75,2.3,broken clouds
182,cherskiy,RU,68.75,161.3,29.93,95,100,17.22,light snow
183,qaanaaq,GL,77.484,-69.3632,15.57,80,99,5.79,overcast clouds
184,yerbogachen,RU,61.2767,108.0108,35.58,62,90,16.53,overcast clouds
185,port hedland,AU,-20.3167,118.5667,87.85,25,73,16.11,broken clouds
186,hilo,US,19.7297,-155.09,86.29,85,100,12.66,moderate rain
187,carauari,BR,-4.8828,-66.8958,72.7,99,100,1.14,overcast clouds
188,kaitangata,NZ,-46.2817,169.8464,55.72,96,100,2.66,moderate rain
189,nicoya,CR,10.1483,-85.452,79.16,86,100,3.04,overcast clouds
190,pandan,PH,14.0453,124.1694,86.9,69,15,11.97,few clouds
191,alofi,NU,-19.0595,-169.9187,78.69,89,100,4.61,overcast clouds
192,northport,US,33.229,-87.5772,64.22,76,0,8.05,clear sky
193,awash,ET,8.9833,40.1667,73.71,39,26,5.12,scattered clouds
194,leningradskiy,RU,69.3833,178.4167,29.19,85,100,7.31,overcast clouds
195,carutapera,BR,-1.195,-46.02,76.23,92,100,3.11,heavy intensity rain
196,pitkyaranta,RU,61.5734,31.4792,37.22,94,100,7.94,overcast clouds
197,ciudad bolivar,VE,8.1222,-63.5497,78.66,80,100,2.28,overcast clouds
198,flin flon,CA,54.7682,-101.865,51.1,98,100,8.16,overcast clouds
199,korla,CN,41.7597,86.1469,73.49,40,100,14.07,heavy intensity rain
200,beringovskiy,RU,63.05,179.3167,33.84,97,100,5.68,light snow
201,lipin bor,RU,60.2622,37.9763,44.38,93,34,10.76,scattered clouds
202,nanortalik,GL,60.1432,-45.2371,38.03,78,100,2.35,overcast clouds
203,dicabisagan,PH,17.0818,122.4157,87.3,62,96,6.44,overcast clouds
204,lahij,YE,13.1667,44.5833,78.44,69,48,2.89,scattered clouds
205,yinchuan,CN,38.4681,106.2731,61.72,35,100,13.58,overcast clouds
206,ahipara,NZ,-35.1667,173.1667,67.21,62,18,4.07,few clouds
207,whitecourt,CA,54.1502,-115.6855,42.04,75,75,18.41,broken clouds
208,hambantota,LK,6.1241,81.1185,82.74,94,75,5.75,broken clouds
209,salalah,OM,17.0151,54.0924,82.49,83,40,4.61,scattered clouds
210,mehamn,NO,71.0357,27.8492,31.71,72,100,29.17,light snow
211,berdigestyakh,RU,62.0989,126.6992,46.62,76,99,10.18,overcast clouds
212,longyearbyen,SJ,78.2186,15.6401,12.04,57,20,11.5,few clouds
213,khingansk,RU,49.1167,131.1833,50.07,27,7,10.98,clear sky
214,lebu,CL,-37.6167,-73.65,52.99,92,5,1.01,clear sky
215,sakaraha,MG,-22.9,44.5333,65.1,85,1,1.54,clear sky
216,narsaq,GL,60.9167,-46.05,50.22,62,99,7.2,overcast clouds
217,olavarria,AR,-36.8927,-60.3225,59.02,83,11,8.41,few clouds
218,pangnirtung,CA,66.1451,-65.7125,12.96,73,39,7.4,scattered clouds
219,chivay,PE,-15.6383,-71.6011,46.87,66,87,2.53,overcast clouds
220,yelizovo,RU,53.1873,158.3805,62.74,45,75,11.18,broken clouds
221,kahului,US,20.8947,-156.47,78.82,68,20,24.16,few clouds
222,mandalgovi,MN,45.7625,106.2708,54.19,31,0,12.86,clear sky
223,naze,JP,28.3667,129.4833,74.32,82,100,10.38,moderate rain
224,general pico,AR,-35.6566,-63.7568,63.63,60,0,12.57,clear sky
225,mayya,RU,61.7333,130.2811,56.52,63,97,12.73,overcast clouds
226,birao,CF,10.2849,22.7882,77.79,59,84,4.65,broken clouds
227,lavrentiya,RU,65.5833,-171.0,32.68,90,100,5.08,overcast clouds
228,chunskiy,RU,56.0815,99.6342,43.65,36,95,17.54,overcast clouds
229,gamba,GA,-2.65,10.0,75.76,87,100,1.68,overcast clouds
230,deputatskiy,RU,69.3,139.9,18.99,68,99,4.25,overcast clouds
231,sarakhs,IR,36.5449,61.1577,71.74,68,40,13.8,scattered clouds
232,arman,RU,59.7,150.1667,35.65,87,99,4.25,overcast clouds
233,nurota,UZ,40.5614,65.6886,81.79,28,38,8.05,scattered clouds
234,bilma,NE,18.6853,12.9164,90.84,13,100,5.99,overcast clouds
235,rajula,IN,21.05,71.4333,90.12,38,4,9.15,clear sky
236,eureka,US,40.8021,-124.1637,52.41,76,9,3.0,clear sky
237,kencong,ID,-8.2833,113.3667,85.68,71,100,2.57,overcast clouds
238,iberia,US,29.9502,-91.7507,80.67,83,0,8.05,clear sky
239,ponta delgada,PT,37.7333,-25.6667,66.51,94,75,2.3,broken clouds
240,avera,US,33.194,-82.5271,60.85,73,0,7.2,clear sky
241,mokhotlong,LS,-29.2894,29.0675,41.05,76,12,1.57,few clouds
242,macapa,BR,0.0389,-51.0664,80.58,89,20,2.3,few clouds
243,dukat,RU,62.55,155.55,28.69,90,100,15.59,light snow
244,santa lucia,ES,27.9117,-15.5407,58.32,77,20,17.27,few clouds
245,vidalia,US,32.2177,-82.4135,67.78,68,0,0.0,clear sky
246,torbay,CA,47.6666,-52.7314,33.76,86,75,4.0,broken clouds
247,iranshahr,IR,27.2025,60.6848,82.74,32,0,4.61,clear sky
248,moerai,PF,-22.4333,-151.3333,79.16,75,58,12.03,broken clouds
249,burnie,AU,-41.0667,145.9167,60.17,57,28,10.69,scattered clouds
250,tutzing,DE,47.9094,11.2803,52.43,96,100,5.75,overcast clouds
251,ostrovnoy,RU,68.0531,39.5131,32.94,79,96,14.23,overcast clouds
252,grand-santi,GF,4.25,-54.3833,73.15,99,100,2.64,overcast clouds
253,east millcreek,US,40.7,-111.8105,59.18,31,40,5.75,scattered clouds
254,castro,BR,-24.7911,-50.0119,48.0,98,72,4.27,broken clouds
255,alekseyevsk,RU,57.8406,108.3492,45.36,49,100,15.17,overcast clouds
256,san rafael,AR,-34.6177,-68.3301,60.82,37,62,10.04,broken clouds
257,paamiut,GL,61.994,-49.6678,30.7,89,98,12.46,overcast clouds
258,charters towers,AU,-20.1,146.2667,78.33,66,98,13.0,overcast clouds
259,carnarvon,AU,-24.8667,113.6333,77.07,47,40,4.61,scattered clouds
260,klaksvik,FO,62.2266,-6.589,45.52,80,100,18.28,overcast clouds
261,rawson,AR,-43.3002,-65.1023,68.43,47,24,11.52,few clouds
262,chuy,UY,-33.6971,-53.4616,56.32,85,2,4.99,clear sky
263,mogadishu,SO,2.0371,45.3438,81.21,84,8,13.73,clear sky
264,port blair,IN,11.6667,92.75,84.0,79,100,22.64,overcast clouds
265,ilulissat,GL,69.2167,-51.1,19.42,73,2,0.0,clear sky
266,nadym,RU,65.5333,72.5167,30.92,93,77,11.27,broken clouds
267,baykit,RU,61.67,96.37,30.58,76,100,16.4,overcast clouds
268,iquique,CL,-20.2208,-70.1431,64.44,78,59,2.19,broken clouds
269,papillion,US,41.1544,-96.0422,67.21,56,0,16.11,clear sky
270,taoudenni,ML,22.6783,-3.9836,81.36,11,0,16.17,clear sky
271,darnah,LY,32.767,22.6367,62.55,81,0,5.3,clear sky
272,royan,FR,45.6285,-1.0281,53.92,87,9,6.2,clear sky
273,luanda,AO,-8.8368,13.2343,77.0,94,75,10.36,broken clouds
274,tacoronte,ES,28.4769,-16.4102,65.25,58,0,3.44,clear sky
275,kavaratti,IN,10.5669,72.642,84.58,68,81,11.14,broken clouds
276,rundu,NA,-17.9333,19.7667,58.6,44,6,1.97,clear sky
277,lagunas,PE,-5.2269,-75.6753,72.7,98,100,2.13,overcast clouds
278,graaff-reinet,ZA,-32.2522,24.5308,49.93,95,100,10.02,overcast clouds
279,cabo san lucas,MX,22.8909,-109.9124,79.61,52,0,1.99,clear sky
280,merauke,ID,-8.4667,140.3333,84.87,77,100,10.54,heavy intensity rain
281,kangaatsiaq,GL,68.3065,-53.4641,15.26,88,10,6.17,clear sky
282,dutlwe,BW,-23.9833,23.9,60.04,45,96,4.92,overcast clouds
283,pevek,RU,69.7008,170.3133,29.03,84,100,3.98,overcast clouds
284,majene,ID,-3.5403,118.9707,85.21,74,55,1.28,broken clouds
285,vestmanna,FO,62.1564,-7.1664,43.72,87,75,14.97,broken clouds
286,necochea,AR,-38.5473,-58.7368,58.98,81,88,12.15,overcast clouds
287,tomatlan,MX,19.9333,-105.25,71.55,84,38,1.01,scattered clouds
288,phalombe,MW,-15.8064,35.6507,60.82,84,26,1.19,scattered clouds
289,tuatapere,NZ,-46.1333,167.6833,60.24,89,100,2.08,light rain
290,bengbu,CN,32.9408,117.3608,69.57,62,79,9.91,broken clouds
291,ponta do sol,PT,32.6667,-17.1,65.01,68,80,6.96,broken clouds
292,yulara,AU,-25.2406,130.9889,62.44,31,0,13.8,clear sky
293,san miguel,SV,13.4833,-88.1833,83.86,74,20,4.61,few clouds
294,broken hill,AU,-31.95,141.4333,58.71,58,0,8.05,clear sky
295,qandala,SO,11.472,49.8728,85.03,64,14,7.72,few clouds
296,atasu,KZ,48.6814,71.6433,46.94,34,73,22.91,broken clouds
297,tiarei,PF,-17.5333,-149.3333,80.62,75,31,1.86,scattered clouds
298,reconquista,AR,-29.15,-59.65,58.42,84,98,7.07,overcast clouds
299,dinard,FR,48.6314,-2.0614,51.64,97,100,5.75,mist
300,brookhaven,US,31.5791,-90.4407,71.26,86,0,5.3,clear sky
301,chulym,RU,55.0997,80.9572,41.65,33,3,10.36,clear sky
302,ukiah,US,39.1502,-123.2078,53.65,72,76,5.99,broken clouds
303,kholodnyy,RU,62.7167,147.95,31.03,83,100,2.89,overcast clouds
304,kruisfontein,ZA,-34.0033,24.7314,52.88,77,55,5.79,broken clouds
305,sur,OM,22.5667,59.5289,86.54,54,0,3.67,clear sky
306,inhambane,MZ,-23.865,35.3833,69.78,84,0,2.75,clear sky
307,inirida,CO,3.8653,-67.9239,72.7,98,87,2.71,overcast clouds
308,caraz,PE,-9.0486,-77.81,62.76,84,67,1.45,broken clouds
309,sanary-sur-mer,FR,43.1178,5.8001,58.95,82,100,4.09,overcast clouds
310,paita,PE,-5.0892,-81.1144,67.93,80,1,15.39,clear sky
311,sao filipe,CV,14.8961,-24.4956,72.64,80,10,9.01,clear sky
312,tanda,IN,26.55,82.65,93.97,29,0,5.68,clear sky
313,havoysund,NO,70.9963,24.6622,32.23,71,100,27.29,light snow
314,lazaro cardenas,MX,17.9583,-102.2,76.3,79,40,6.44,scattered clouds
315,saint george,US,37.1041,-113.5841,86.59,14,0,27.63,clear sky
316,talnakh,RU,69.4865,88.3972,16.21,88,10,12.97,clear sky
317,poum,NC,-20.2333,164.0167,78.24,61,53,24.27,broken clouds
318,adeje,ES,28.1227,-16.726,69.01,79,0,5.75,clear sky
319,lata,PT,40.1629,-8.3327,55.08,65,97,3.09,overcast clouds
320,luz,BR,-19.8014,-45.6856,66.18,77,26,4.38,scattered clouds
321,pisco,PE,-13.7,-76.2167,64.45,88,9,10.36,clear sky
322,launceston,AU,-41.45,147.1667,64.62,52,6,5.75,clear sky
323,gimli,CA,50.6336,-96.9907,44.62,81,100,9.22,moderate rain
324,luderitz,NA,-26.6481,15.1594,52.79,75,0,14.88,clear sky
325,muravlenko,RU,63.7898,74.523,28.29,85,27,9.64,scattered clouds
326,cap malheureux,MU,-19.9842,57.6142,75.47,76,35,3.0,scattered clouds
327,rorvik,NO,64.8621,11.2373,39.78,60,100,19.55,overcast clouds
328,dzhebariki-khaya,RU,62.2167,135.8,41.45,65,100,7.92,overcast clouds
329,boa vista,BR,2.8197,-60.6733,78.78,78,40,2.3,scattered clouds
330,huarmey,PE,-10.0681,-78.1522,66.16,87,27,8.61,scattered clouds
331,edd,ER,13.9297,41.6925,82.78,75,91,5.35,overcast clouds
332,bowmore,US,34.9421,-79.3031,60.64,77,100,13.8,overcast clouds
333,port macquarie,AU,-31.4333,152.9167,67.89,43,0,5.14,clear sky
334,sechura,PE,-5.5569,-80.8222,68.02,78,0,15.75,clear sky
335,itaituba,BR,-4.2761,-55.9836,73.29,99,98,0.38,overcast clouds
336,glenwood springs,US,39.5505,-107.3248,63.41,75,40,12.66,scattered clouds
337,susanville,US,40.4163,-120.653,53.44,37,0,16.11,clear sky
338,kenai,US,60.5544,-151.2583,57.02,57,0,11.5,clear sky
339,roald,NO,62.5833,6.1333,40.75,80,98,5.75,overcast clouds
340,sao felix do xingu,BR,-6.6447,-51.995,72.37,92,19,1.16,few clouds
341,alihe,CN,50.5667,123.7167,67.89,13,0,2.17,clear sky
342,aguimes,ES,27.9054,-15.4461,63.23,77,20,17.27,few clouds
343,hammerfest,NO,70.6634,23.6821,32.45,80,100,8.05,overcast clouds
344,khopoli,IN,18.7833,73.3333,85.51,55,5,4.83,clear sky
345,vertientes,CU,21.2594,-78.1464,77.61,84,0,4.65,clear sky
346,guiyang,CN,26.5833,106.7167,75.69,69,40,4.47,scattered clouds
347,zhigansk,RU,66.7697,123.3711,30.92,95,100,13.09,overcast clouds
348,chengde,CN,40.9725,117.9361,48.31,72,100,4.43,overcast clouds
349,mayakonda,IN,14.2833,76.0833,81.88,55,36,8.28,scattered clouds
350,iralaya,HN,15.0,-83.2333,80.44,84,78,10.27,broken clouds
351,kyzyl-mazhalyk,RU,51.1333,90.6,43.63,57,100,2.26,overcast clouds
352,yaan,NG,7.3833,8.5667,76.5,87,99,3.47,light rain
353,berlevag,NO,70.8578,29.0864,33.6,89,100,29.95,light snow
354,upington,ZA,-28.4478,21.2561,46.78,87,0,5.75,clear sky
355,tezu,IN,27.9167,96.1667,86.09,51,56,3.53,broken clouds
356,buchanan,LR,5.8808,-10.0467,77.41,86,100,6.44,moderate rain
357,kamaishi,JP,39.2667,141.8833,57.87,45,73,6.82,broken clouds
358,siavonga,ZM,-16.5382,28.7088,69.24,68,62,5.21,broken clouds
359,huicungo,PE,-7.2833,-76.8,70.54,98,79,1.97,broken clouds
360,podor,MR,16.6527,-14.9587,81.66,26,4,14.94,clear sky
361,fort morgan,US,40.2503,-103.8,63.82,39,0,29.93,clear sky
362,palmares,BR,-8.6833,-35.5917,73.11,93,98,4.12,overcast clouds
363,nuevo ideal,MX,24.8875,-105.0728,65.97,25,0,10.04,clear sky
364,dingle,PH,10.9995,122.6711,88.57,62,97,15.61,overcast clouds
365,tarija,BO,-21.5355,-64.7296,52.59,76,58,3.6,broken clouds
366,jardim,BR,-21.4803,-56.1381,63.28,71,0,4.16,clear sky
367,sao gabriel da cachoeira,BR,-0.1303,-67.0892,71.67,99,58,1.16,broken clouds
368,wajima,JP,37.4,136.9,63.28,25,75,11.5,broken clouds
369,la ronge,CA,55.1001,-105.2842,50.22,71,100,5.75,overcast clouds
370,bogale,MM,16.2833,95.4,82.76,74,100,8.23,overcast clouds
371,aykhal,RU,66.0,111.5,31.46,98,100,21.88,snow
372,touros,BR,-5.1989,-35.4608,76.57,88,100,8.1,overcast clouds
373,nuevo progreso,MX,23.1667,-97.95,80.55,90,2,5.23,clear sky
374,high rock,BS,26.6208,-78.2833,77.02,71,1,14.65,clear sky
375,orcopampa,PE,-15.2661,-72.3417,46.22,76,40,1.5,scattered clouds
376,udachnyy,RU,66.4167,112.4,32.45,74,100,22.46,snow
377,airai,TL,-8.9266,125.4092,73.67,60,46,5.75,scattered clouds
378,mayskiy,RU,47.6931,40.1025,33.21,57,97,8.99,overcast clouds
379,komsomolskiy,UZ,40.4272,71.7189,74.12,43,0,4.61,clear sky
380,ha giang,VN,22.8333,104.9833,85.3,68,70,4.76,broken clouds
381,ust-nera,RU,64.5667,143.2,32.43,79,100,6.91,overcast clouds
382,abu samrah,SY,35.3029,37.1841,54.18,74,32,7.56,scattered clouds
383,mirnyy,RU,62.5353,113.9611,38.73,81,55,18.52,light rain
384,vestmannaeyjar,IS,63.4427,-20.2734,46.42,89,100,24.7,overcast clouds
385,san patricio,US,28.017,-97.5169,81.54,85,0,15.12,clear sky
386,praia,CV,14.9215,-23.5087,70.34,78,20,16.11,few clouds
387,comodoro rivadavia,AR,-45.8667,-67.5,71.46,40,0,14.97,clear sky
388,sao francisco de assis,BR,-29.5503,-55.1311,53.46,92,68,6.38,broken clouds
389,rotterdam,NL,51.9225,4.4792,51.89,80,6,8.05,clear sky
390,shache,CN,38.4167,77.2406,78.01,24,56,2.82,broken clouds
391,hami,CN,42.8,93.45,79.23,18,100,8.88,overcast clouds
392,dunn,US,44.95,-91.8835,64.36,36,64,8.05,broken clouds
393,chokwe,MZ,-24.5333,32.9833,64.31,85,0,3.89,clear sky
394,camiri,BO,-20.05,-63.5167,56.95,80,45,1.99,scattered clouds
395,pangody,RU,65.85,74.4859,24.1,91,11,9.13,few clouds
396,worland,US,44.0169,-107.9554,57.65,20,0,17.27,clear sky
397,wenatchee,US,47.4235,-120.3103,53.89,43,0,16.11,clear sky
398,kudahuvadhoo,MV,2.6708,72.8944,84.29,76,30,14.79,scattered clouds
399,petropavl,KZ,54.8753,69.1628,46.38,39,0,11.18,clear sky
400,banjar,ID,-8.19,114.9675,89.4,65,98,2.33,overcast clouds
401,padang,ID,-0.9492,100.3543,82.45,66,100,2.86,overcast clouds
402,tual,ID,-5.6667,132.75,84.81,78,49,18.19,scattered clouds
403,sarapul,RU,56.4763,53.7978,47.75,61,10,4.25,clear sky
404,benghazi,LY,32.1167,20.0667,63.23,84,0,13.06,clear sky
405,ngong,KE,-1.3618,36.6566,60.53,92,97,1.68,overcast clouds
406,eydhafushi,MV,5.1033,73.0708,84.79,72,74,12.91,broken clouds
407,samarai,PG,-10.6167,150.6667,84.49,75,44,14.52,scattered clouds
408,razam,IN,18.4667,83.6667,88.99,52,57,4.74,broken clouds
409,falam,MM,22.9167,93.6833,70.81,67,56,1.88,broken clouds
410,kochinda,IN,21.7333,84.35,94.05,33,1,6.93,clear sky
411,geraldton,AU,-28.7667,114.6,79.21,34,40,6.91,scattered clouds
412,yumbel,CL,-37.0833,-72.5667,51.03,87,1,1.16,clear sky
413,zalesovo,RU,53.9939,84.7431,40.3,33,54,10.69,broken clouds
414,preobrazheniye,RU,42.9019,133.9064,53.8,39,13,12.71,few clouds
415,zhanaozen,KZ,43.3,52.8,61.27,93,100,7.65,moderate rain
416,puerto salgar,CO,5.463,-74.6544,74.93,93,97,1.92,overcast clouds
417,puerto leguizamo,CO,-0.1934,-74.7819,70.84,94,97,1.79,overcast clouds
418,wasilla,US,61.5814,-149.4394,58.15,37,0,8.05,light rain
419,seoul,KR,37.5683,126.9778,63.79,33,0,6.91,light rain
420,santa cruz,BO,-17.8,-63.1667,65.66,77,24,5.75,few clouds
421,ak-dovurak,RU,51.1833,90.6,44.91,50,100,1.57,overcast clouds
422,mundo novo,BR,-11.8589,-40.4725,63.21,98,0,2.01,clear sky
423,marfino,RU,55.7028,37.3822,53.85,40,0,8.95,clear sky
424,aljezur,PT,37.3191,-8.8033,60.12,72,7,6.04,clear sky
425,antibes,FR,43.5624,7.1278,63.14,77,75,8.05,broken clouds
426,kondinskoye,RU,59.6481,67.41,46.04,85,70,8.57,broken clouds
427,porto seguro,BR,-16.4497,-39.0647,73.92,94,100,4.61,overcast clouds
428,lyuban,BY,52.7985,28.0048,51.06,87,100,4.27,overcast clouds
429,matara,LK,5.9485,80.5353,85.17,78,52,13.76,broken clouds
430,banda aceh,ID,5.5577,95.3222,84.22,70,98,5.84,overcast clouds
431,abbeville,FR,50.1,1.8333,55.26,98,40,6.76,scattered clouds
432,ankara,TR,39.9199,32.8543,44.2,79,7,4.09,clear sky
433,tumbagaan,PH,5.3656,120.3139,84.0,75,100,7.29,overcast clouds
434,haines junction,CA,60.7522,-137.5108,40.95,81,82,4.61,broken clouds
435,ushtobe,KZ,45.2514,77.9838,63.48,41,2,18.14,clear sky
436,rosetown,CA,51.5501,-108.0014,57.18,28,100,12.66,overcast clouds
437,asha,RU,54.9973,57.2722,47.71,51,2,2.19,clear sky
438,assiniboia,CA,49.6334,-105.9845,44.42,87,80,10.36,broken clouds
439,san cristobal,VE,7.7669,-72.225,71.78,99,99,3.74,overcast clouds
440,norman wells,CA,65.282,-126.8329,42.84,56,75,5.75,shower rain
441,puerto colombia,CO,10.9878,-74.9547,80.69,84,13,10.07,few clouds
442,nea ankhialos,GR,39.2833,22.8167,48.56,76,76,1.74,broken clouds
443,penapolis,BR,-21.4197,-50.0775,59.32,78,0,8.32,clear sky
444,buta,CD,2.7858,24.73,69.13,99,89,0.34,light rain
445,pitimbu,BR,-7.4706,-34.8086,75.79,84,91,7.58,overcast clouds
446,namwala,ZM,-15.7504,26.4384,59.95,82,53,1.79,broken clouds
447,sept-iles,CA,50.2001,-66.3821,33.06,81,20,4.61,few clouds
448,oneonta,US,42.4529,-75.0638,45.81,48,100,5.73,overcast clouds
449,wajir,KE,1.7471,40.0573,74.75,85,86,10.2,overcast clouds
450,saint-augustin,CA,51.226,-58.6502,31.39,73,18,6.6,few clouds
451,vanderhoof,CA,54.0166,-124.0198,45.52,62,86,4.88,overcast clouds
452,asau,RO,46.4333,26.4,42.28,82,24,2.13,few clouds
453,shingu,JP,33.7333,135.9833,72.37,57,2,6.38,clear sky
454,lagoa,PT,39.05,-27.9833,59.97,70,94,5.55,overcast clouds
455,aloleng,PH,16.1307,119.7824,89.29,58,99,5.82,overcast clouds
456,krasnyy chikoy,RU,50.3643,108.7512,68.56,25,56,7.11,broken clouds
457,pimentel,PE,-6.8367,-79.9342,65.12,88,2,14.81,clear sky
458,loreto,MX,22.2667,-101.9667,77.61,15,58,5.5,broken clouds
459,isangel,VU,-19.55,169.2667,78.28,57,6,18.1,clear sky
460,bilibino,RU,68.0546,166.4372,31.62,97,100,2.1,light snow
461,quatre cocos,MU,-20.2078,57.7625,75.09,69,66,13.91,broken clouds
462,nome,US,64.5011,-165.4064,32.16,95,100,12.62,light snow
463,moffat,GB,55.3323,-3.4454,49.6,93,100,2.06,overcast clouds
464,batagay,RU,67.6333,134.6333,29.39,68,100,9.13,overcast clouds
465,prince rupert,CA,54.3161,-130.3201,48.29,68,0,12.66,clear sky
466,padilla,CO,3.2204,-76.3139,72.9,93,100,1.72,moderate rain
467,turukhansk,RU,65.8167,87.9833,18.39,81,99,17.9,overcast clouds
468,kismayo,SO,-0.3582,42.5454,78.42,88,89,9.42,light rain
469,maniitsoq,GL,65.4167,-52.9,25.27,76,3,8.72,clear sky
470,chapais,CA,49.7834,-74.8492,35.38,89,0,3.94,clear sky
471,moron,AR,-34.6534,-58.6198,65.98,79,0,6.64,clear sky
472,charlestown,AU,-32.95,151.6667,69.03,53,0,4.0,clear sky
473,katangli,RU,51.7102,143.2326,32.23,99,100,18.19,snow
474,biak,ID,-0.9131,122.8766,81.73,80,80,6.15,broken clouds
475,hamilton,US,39.1834,-84.5333,57.15,78,100,6.91,overcast clouds
476,midland,US,31.9974,-102.0779,89.65,7,0,11.5,clear sky
477,lasa,IT,46.6166,10.7002,48.36,93,96,2.55,overcast clouds
478,kamenka,RU,51.3223,42.7678,43.36,59,2,4.85,clear sky
479,hovd,MN,48.0056,91.6419,66.22,23,55,12.12,broken clouds
480,griffith,US,41.5284,-87.4237,52.05,69,0,4.92,clear sky
481,itoman,JP,26.1247,127.6694,80.98,85,75,12.66,broken clouds
482,darlowo,PL,54.421,16.4107,46.47,78,45,7.43,scattered clouds
483,vardo,NO,70.3705,31.1107,33.78,80,75,23.02,broken clouds
484,cassilandia,BR,-19.1133,-51.7342,62.06,64,0,2.44,clear sky
485,phan thiet,VN,10.9333,108.1,88.02,62,85,15.14,overcast clouds
486,morondava,MG,-20.2833,44.2833,73.15,81,0,6.38,clear sky
487,ternate,ID,0.8,127.4,86.09,69,9,3.94,clear sky
488,pirovskoye,RU,57.6267,92.2658,32.95,61,100,16.51,overcast clouds
489,maracaju,BR,-21.6144,-55.1683,61.61,78,0,6.35,clear sky
490,epe,NG,6.5841,3.9834,76.69,92,92,2.93,light rain
491,illela,NG,13.7292,5.2975,86.81,40,81,7.23,broken clouds
492,radovitskiy,RU,55.1282,39.7956,48.72,73,98,7.14,overcast clouds
493,yar-sale,RU,66.8333,70.8333,29.5,97,90,11.83,overcast clouds
494,arroyo,ES,41.6096,-4.7969,51.15,80,0,8.05,clear sky
495,ravar,IR,31.2656,56.8055,75.38,32,89,5.21,overcast clouds
496,lianran,CN,24.9227,102.485,64.94,43,53,6.89,broken clouds
497,hoquiam,US,46.9809,-123.8893,47.95,81,100,20.71,light rain
498,kendari,ID,-3.945,122.4989,84.07,80,60,4.54,broken clouds
499,polunochnoye,RU,60.8697,60.4153,50.45,60,18,6.15,few clouds
500,san policarpo,PH,12.1791,125.5072,84.42,75,48,12.17,scattered clouds
501,bardiyah,LY,31.7561,25.0865,63.97,66,94,12.5,overcast clouds
502,sri aman,MY,1.2376,111.4621,78.85,94,40,2.3,scattered clouds
503,port keats,AU,-14.25,129.55,87.69,27,0,12.93,clear sky
504,fortuna,US,40.5982,-124.1573,52.14,75,100,10.36,overcast clouds
505,plettenberg bay,ZA,-34.0527,23.3716,56.64,83,82,2.35,broken clouds
506,olinda,BR,-8.0089,-34.8553,76.73,88,40,5.75,scattered clouds
507,portoferraio,IT,42.8115,10.3146,61.16,77,66,12.73,broken clouds
508,howard springs,AU,-12.497,131.047,87.82,43,74,11.72,broken clouds
509,liwale,TZ,-9.7667,37.9333,65.16,87,63,2.04,broken clouds
510,chechat,IN,24.7667,75.8833,97.3,13,2,12.64,clear sky
511,conde,BR,-7.2597,-34.9075,74.66,100,75,4.61,broken clouds
512,askiz,RU,53.1319,90.5264,44.49,34,69,20.62,broken clouds
513,sungaipenuh,ID,-2.0833,101.3833,77.32,58,100,3.69,overcast clouds
514,grindavik,IS,63.8424,-22.4338,46.87,93,100,26.46,overcast clouds
515,fougamou,GA,-1.2154,10.5838,73.56,98,100,0.94,overcast clouds
516,saint-georges,GD,12.0564,-61.7485,80.28,83,20,17.27,few clouds
517,monte patria,CL,-30.6919,-70.9467,58.24,84,100,4.09,overcast clouds
518,nabire,ID,-3.3667,135.4833,86.43,69,70,5.73,broken clouds
519,namibe,AO,-15.1961,12.1522,70.57,76,0,4.9,clear sky
520,sistranda,NO,63.7256,8.834,37.36,61,98,19.57,light rain
521,la paz,BO,-16.5,-68.15,40.98,93,20,6.91,few clouds
522,sorland,NO,67.667,12.6934,37.26,62,95,19.42,overcast clouds
523,kozhva,RU,65.1073,57.0459,41.02,92,98,7.34,overcast clouds
524,antalaha,MG,-14.9003,50.2788,73.89,90,45,5.41,light rain
525,novobirilyussy,RU,56.9514,90.6661,33.42,51,100,14.76,overcast clouds
526,deming,US,32.2687,-107.7586,77.2,8,0,16.44,clear sky
527,boromo,BF,11.75,-2.9333,83.8,47,95,8.52,overcast clouds
528,nuevitas,CU,21.5453,-77.2644,75.85,82,6,5.01,clear sky
529,guilin,CN,25.2819,110.2864,71.71,89,100,2.08,moderate rain
530,wellington,NZ,-41.2866,174.7756,65.07,80,40,26.46,scattered clouds
531,wladyslawowo,PL,54.7909,18.4009,47.01,83,31,11.88,scattered clouds
532,ugoofaaru,MV,5.6667,73.0,84.83,71,56,12.39,broken clouds
533,labuhan,ID,-6.8844,112.2051,86.05,71,79,4.47,broken clouds
534,tura,IN,25.5198,90.2201,86.25,51,0,2.51,clear sky
535,pychas,RU,56.5033,52.4409,46.89,61,8,5.35,clear sky
536,dunedin,NZ,-45.8742,170.5036,58.8,82,100,4.45,overcast clouds
537,robertson,US,36.5167,-86.8667,59.05,94,100,0.0,overcast clouds
538,faya,SA,18.3851,42.4509,62.71,38,29,4.72,scattered clouds
539,colatina,BR,-19.5394,-40.6306,67.57,95,0,0.56,clear sky
540,batemans bay,AU,-35.7167,150.1833,67.39,41,2,4.36,clear sky
541,san vicente,AR,-26.6167,-54.1333,53.08,98,69,2.66,broken clouds
542,zavodoukovsk,RU,56.5042,66.5515,51.53,54,9,9.91,clear sky
543,narwar,IN,25.65,77.9,95.79,13,0,5.5,clear sky
544,colinas,BR,-6.0258,-44.2492,73.06,81,72,2.46,broken clouds
545,terney,RU,45.0503,136.6092,51.98,39,61,13.65,broken clouds
546,jiaojiang,CN,28.6803,121.4428,78.01,79,100,7.72,overcast clouds
547,yerofey pavlovich,RU,53.9667,121.9667,63.3,14,33,8.95,scattered clouds
548,fare,PF,-16.7,-151.0167,81.9,72,10,6.06,clear sky
549,caconda,AO,-13.7333,15.0667,55.17,72,78,1.66,broken clouds
550,candido mendes,BR,-1.4467,-45.7167,74.97,95,100,1.81,moderate rain
551,honningsvag,NO,70.9821,25.9704,31.75,80,100,25.32,overcast clouds
552,camacha,PT,33.0833,-16.3333,58.42,72,40,12.66,scattered clouds
553,ullapool,GB,57.8987,-5.1604,45.36,83,97,6.89,overcast clouds
554,yarada,IN,17.65,83.2667,84.52,74,20,2.3,haze
555,goderich,CA,43.7501,-81.7165,45.91,76,3,9.15,clear sky
556,port lincoln,AU,-34.7333,135.8667,61.52,64,15,7.43,few clouds
557,north bend,US,43.4065,-124.2243,49.15,98,74,11.9,broken clouds
558,luang prabang,LA,19.8856,102.1347,78.76,83,75,2.3,broken clouds
559,henties bay,NA,-22.116,14.2845,55.98,89,0,11.43,clear sky
560,clermont,FR,49.5,2.4167,51.44,98,12,8.03,few clouds
561,kurchum,KZ,48.5722,83.6542,51.42,33,88,14.45,overcast clouds
562,vao,NC,-22.6667,167.4833,74.14,71,47,17.6,scattered clouds
563,kasiri,SL,8.9412,-13.1148,80.78,87,91,4.0,light rain
564,hasaki,JP,35.7333,140.8333,68.4,53,98,20.13,overcast clouds
565,bohicon,BJ,7.1783,2.0667,75.04,94,17,3.31,few clouds
566,eston,CA,51.1501,-108.7514,50.92,41,100,6.71,overcast clouds
567,saint-pierre,RE,-21.3393,55.4781,70.92,73,0,5.75,clear sky
568,chaihe,CN,44.7667,129.7,56.52,24,4,10.07,clear sky
569,tureni,RO,46.6293,23.7024,43.9,93,0,0.0,clear sky
570,oranjestad,AW,12.524,-70.027,80.55,83,20,20.71,few clouds
571,ketchikan,US,55.3422,-131.6461,51.78,62,31,4.54,scattered clouds
572,davila,PH,18.4726,120.5763,89.58,64,65,4.5,broken clouds
573,casa nova,BR,-9.4167,-41.1333,75.29,59,4,15.7,light rain
574,kandiaro,PK,27.0601,68.2091,95.85,24,0,10.92,clear sky
575,bereda,ES,43.2686,-7.5406,51.58,98,91,1.97,overcast clouds
576,sergeyevka,KZ,53.88,67.4158,50.94,30,1,7.67,clear sky
577,ocos,GT,14.5094,-92.1933,84.25,76,95,9.75,overcast clouds
578,philippeville,BE,50.1957,4.5417,50.56,97,55,5.01,broken clouds
579,khvatovka,RU,52.3524,46.5628,43.88,58,3,3.76,clear sky
580,celestun,MX,20.8667,-90.4,80.8,83,0,14.09,clear sky
581,cascais,PT,38.6979,-9.4215,67.35,48,45,3.0,scattered clouds
582,sao joao da barra,BR,-21.6403,-41.0511,68.59,92,2,11.7,clear sky
583,yuzhno-kurilsk,RU,44.0306,145.8556,47.5,80,22,5.14,few clouds
584,kupang,ID,-10.1667,123.5833,87.58,60,15,16.33,few clouds
585,diamantino,BR,-14.4086,-56.4461,66.13,58,4,3.09,clear sky
586,sioux lookout,CA,50.1001,-91.917,57.27,38,75,8.05,broken clouds
587,sobolevo,RU,54.4299,31.8996,46.85,94,99,7.23,overcast clouds
588,xichang,CN,27.8964,102.2634,75.85,47,17,2.68,few clouds
589,ulaangom,MN,49.9811,92.0667,54.91,38,57,17.25,broken clouds
590,west wendover,US,40.7391,-114.0733,54.95,28,39,16.96,scattered clouds
591,adre,TD,13.4667,22.2,80.35,10,100,10.04,overcast clouds
592,gdansk,PL,54.3521,18.6464,47.16,90,71,4.61,fog
593,zhangye,CN,38.9342,100.4517,61.65,35,77,8.21,broken clouds
594,auki,SB,-8.7676,160.7034,84.94,70,38,4.0,scattered clouds
595,palpa,PE,-14.5336,-75.1856,68.04,76,26,2.91,scattered clouds
596,vila velha,BR,-20.3297,-40.2925,75.15,78,0,12.66,clear sky
597,impfondo,CG,1.6381,18.0667,69.62,99,88,0.56,overcast clouds
598,khani,GE,41.9563,42.9566,42.37,100,100,2.64,overcast clouds
599,harlingen,US,26.1906,-97.6961,81.05,93,0,10.74,clear sky
600,chara,RU,56.9064,118.2631,55.27,33,88,8.46,overcast clouds
601,motygino,RU,58.1831,94.7592,34.21,62,100,16.31,overcast clouds
602,elko,US,41.0002,-115.5012,48.06,49,100,15.28,overcast clouds
603,dudinka,RU,69.4058,86.1778,16.63,93,48,10.49,scattered clouds
604,fukue,JP,32.6881,128.8419,70.16,73,20,9.22,few clouds
605,khor,RU,47.8861,134.9464,50.81,54,100,10.07,overcast clouds
606,kharitonovo,RU,61.4009,47.4978,49.96,73,94,10.11,overcast clouds
607,paine,CL,-33.8167,-70.75,60.71,66,41,1.66,scattered clouds
608,ambon,ID,-3.6954,128.1814,87.94,74,40,5.75,scattered clouds
609,ossora,RU,59.2353,163.0719,36.9,80,77,17.85,broken clouds
610,jiaocheng,CN,24.6774,116.1389,69.84,96,100,0.74,moderate rain
611,matane,CA,48.8286,-67.522,32.63,72,4,3.31,clear sky
612,igreja nova,BR,-10.1253,-36.6619,71.6,89,26,2.71,scattered clouds
613,dalnegorsk,RU,44.5604,135.5701,51.15,37,50,15.75,scattered clouds
614,amapa,BR,1.0,-52.0,71.92,100,100,1.74,overcast clouds
615,kirkwall,GB,58.9848,-2.9587,43.97,93,100,6.91,overcast clouds
616,arthur,US,39.7148,-88.4723,58.86,79,0,3.0,clear sky
617,byron bay,AU,-28.65,153.6167,66.09,81,100,9.84,overcast clouds
618,akureyri,IS,65.6835,-18.0878,39.13,70,75,6.91,broken clouds
619,belaya gora,RU,68.5333,146.4167,25.39,75,95,5.5,overcast clouds
620,bom jesus,BR,-9.0744,-44.3586,69.64,47,63,1.57,broken clouds
621,tazovskiy,RU,67.4667,78.7,12.51,92,48,4.94,scattered clouds
622,manbij,SY,36.5281,37.9549,54.52,67,8,9.1,clear sky
623,muroto,JP,33.2833,134.15,65.5,65,4,12.71,clear sky
624,hervey bay,AU,-25.2986,152.8535,73.29,83,99,16.82,overcast clouds
625,krasnoselkup,RU,65.7,82.4667,16.14,83,6,15.26,clear sky
626,say,NE,13.1007,2.3689,91.96,43,99,5.84,overcast clouds
627,sumbe,AO,-11.2061,13.8437,74.41,87,26,4.16,scattered clouds
628,cradock,ZA,-32.1642,25.6192,51.51,89,100,7.65,overcast clouds
629,natal,BR,-5.795,-35.2094,77.22,100,75,3.44,broken clouds
630,clifton,US,40.8584,-74.1638,47.7,64,100,11.5,overcast clouds
631,pochutla,MX,15.7432,-96.4661,80.82,64,100,3.94,overcast clouds
632,lixourion,GR,38.2019,20.4314,59.65,77,100,3.87,overcast clouds
633,trincomalee,LK,8.5711,81.2335,83.44,78,100,16.17,overcast clouds
634,luau,AO,-10.7073,22.2247,63.14,74,56,3.87,broken clouds
635,skjervoy,NO,70.0311,20.9714,33.8,83,100,29.66,overcast clouds
636,bialogard,PL,54.007,15.9875,48.11,88,17,4.56,few clouds
637,warrington,GB,53.3925,-2.5802,52.27,83,100,6.91,overcast clouds
638,galegos,PT,41.5627,-8.572,61.34,72,100,3.67,overcast clouds
639,encruzilhada,BR,-15.5314,-40.9094,66.02,98,90,3.76,overcast clouds
640,varhaug,NO,58.6147,5.6457,40.55,64,99,22.7,overcast clouds
641,concordia,AR,-31.393,-58.0209,54.79,99,76,5.77,broken clouds
642,hede,CN,33.7681,120.2517,66.33,32,4,11.97,clear sky
643,kirillov,RU,59.863,38.3813,48.96,86,86,10.0,overcast clouds
644,goure,NE,13.9835,10.2704,90.01,25,15,7.11,few clouds
645,teya,RU,60.3778,92.6267,27.46,67,100,15.23,overcast clouds
646,jumla,NP,29.2747,82.1838,62.22,59,18,4.61,few clouds
647,stony plain,CA,53.5334,-114.0021,50.11,46,20,19.57,few clouds
648,amahai,ID,-3.3333,128.9167,85.57,74,86,8.41,overcast clouds
649,nioro,GM,13.35,-15.75,79.45,40,2,5.23,clear sky
650,elizabeth city,US,36.2946,-76.2511,59.02,91,100,13.8,mist
651,salt,JO,32.0392,35.7272,52.88,57,63,2.19,broken clouds
652,jalu,LY,29.0331,21.5482,66.04,54,48,12.08,scattered clouds
653,sorong,ID,-0.8833,131.25,83.98,75,42,3.53,scattered clouds
654,itarema,BR,-2.9248,-39.9167,76.57,90,94,11.81,overcast clouds
655,tutoia,BR,-2.7619,-42.2744,78.06,87,100,6.13,overcast clouds
656,varberg,SE,57.1056,12.2508,44.92,92,100,4.81,overcast clouds
657,misawa,JP,40.6836,141.3597,62.56,25,40,20.71,scattered clouds
658,chambersburg,US,39.9376,-77.6611,45.27,76,100,11.01,overcast clouds
659,bud,US,39.447,-86.1758,56.41,69,2,7.56,clear sky
660,yumen,CN,40.2833,97.2,66.79,19,0,4.18,clear sky
661,komsomolskoye,RU,55.2567,47.5461,45.27,64,6,6.55,clear sky
662,salym,RU,60.0625,71.4789,37.89,94,100,4.29,overcast clouds
663,umm lajj,SA,25.0213,37.2685,76.17,40,30,11.7,scattered clouds
664,hualmay,PE,-11.0964,-77.6139,65.17,88,19,7.9,few clouds
665,rocha,UY,-34.4833,-54.3333,56.05,93,25,5.91,scattered clouds
666,luoyang,CN,34.6836,112.4536,64.0,34,100,8.81,overcast clouds
667,dasoguz,TM,41.8363,59.9666,69.75,78,100,13.8,light rain
668,wanning,CN,18.8003,110.3967,80.64,80,100,4.23,overcast clouds
669,merrill,US,45.1805,-89.6835,56.12,35,0,9.22,clear sky
670,horodok,UA,49.1637,26.5839,51.73,86,97,5.44,overcast clouds
671,zachary,US,30.6485,-91.1565,78.67,99,30,3.89,scattered clouds
